,title,score,id,subreddit,url,num_comments,body,created,key_words
132,In the subreddit for depressive suicidal black metal,16846,14zo1qs,lostredditors,https://i.redd.it/99gcfcuz3zbb1.jpg,277,,1689359115.0,suicide
1143,In the subreddit for depressive suicidal black metal,16843,14zo1qs,lostredditors,https://i.redd.it/99gcfcuz3zbb1.jpg,277,,1689359115.0,suicidal
1676,"Psychiatry resident burning out from malingerers, unrealistic expectations, and personality disorder admits",273,16t05dc,Psychiatry,https://www.reddit.com/r/Psychiatry/comments/16t05dc/psychiatry_resident_burning_out_from_malingerers/,67,"I'm so tired between the malingerers, personality disorder admits, and patients and family members with unrealistic demands and expectations. While I was rotating on inpatient adult units, I met daily with patients who would do things like constantly falsify new symptoms in an attempt to get medications I could not ethically prescribe them and make completely unrealistic demands of me and the rest of the team on a daily basis. I'm talking things like, ""I need you to personally find me a therapist who is a black man and who I can afford and who has appointments after 6 pm and if you don't find me this, it will be your fault I don't get better"" and ""I want you to find me a place to live by the beach, no you're not sending me to live at any of the 10 shelters you offered. I went to X shelter before and they have roaches and a man catcalled me at Y shelter and if you send me there I will get raped and it will be your fault, also at Z shelter they were mean to me. Shelter A? They have rules I don't want to have to deal with.""

Now that I'm working on the child unit, it's a lot of ""You can't send my child home until you find a way to force him to take his medicine and go back to therapy"" and ""My kid still talks back to me even though they're on Abilify. How do I ensure he never is defiant ever again?"" 

I knew there would be some of this in psychiatry and every area of medicine for that matter. I didn't expect it to be 70% of my job. How do y'all handle this without burning out? ",1695762679.0,psychiatry
1723,do you consider the medical industry (including psychiatry) inherently oppressive?,84,16xfhq7,disability,https://www.reddit.com/r/disability/comments/16xfhq7/do_you_consider_the_medical_industry_including/,49,"Just something I‚Äôm thinking about‚Ä¶ I don‚Äôt personally but I can see why someone would, especially considering how it‚Äôs been used as an oppressive force for centuries, not only to disabled people but black, hispanic, indigenous, and queer people as well‚Ä¶ I want to believe that there are doctors who mean well even when I‚Äôve been treated by doctors who didn‚Äôt. Maybe I‚Äôm too trusting but I feel like I have to trust the person I‚Äôm working with‚Ä¶ My comfort goes above anything else for me.",1696200336.0,psychiatry
1750,It's okay to be anti-psychiatry but are you pro-something too?,7,179e2kc,Antipsychiatry,https://www.reddit.com/r/Antipsychiatry/comments/179e2kc/its_okay_to_be_antipsychiatry_but_are_you/,79,"There I said it. I'm sorry but please think.

There are plenty of serious side effects of medications. They aren't fully aware of the workings of neither our minds nor the medications they push on us. Fully agreed.

But what's the solution? If we paint the wall black and keep staring at it, it will only make our vision bleak and doesn't change anything. Pessimism and hopelessness isn't the cure we're looking for. Looking at horror stories of psychiatric treatment isn't either.

There are things outside psychiatry that work and there are countless living testimonials from all walks of life. They're literally everywhere if we are willing to look. 

Let's open the curtains and let some light enter our dark rooms (and subreddit) for a change. And let's take steps to reverse whatever damage that has happened. People who believe have done it. Hope is where everything begins.",1697483724.0,psychiatry
2098,Bipolar continues to be a hell of a drug as r/kanye reacts to antisemitism,2555,xzj0ll,SubredditDrama,https://www.reddit.com/r/SubredditDrama/comments/xzj0ll/bipolar_continues_to_be_a_hell_of_a_drug_as/,606,"Kanye West has been going off the deep end for a while but now he appears to be in unmarked waters, with a recent tweet saying he can't be anti semetic because Black = Jewish after saying he'll be going Death Con 3 against them. r/kanye has reacted this most recent tweet like any dedicated fanboy sub can,  with derision, mocking, defending, etc. 

[The main post - Yitler Confirmed](https://www.reddit.com/r/Kanye/comments/xzbzgs/yitler_confirmed/)

* [Yeah this is just textbook anti-semitism, he isn‚Äôt even trying to dress it up.](https://www.reddit.com/r/Kanye/comments/xzbzgs/yitler_confirmed/)
* [I can completely dismiss how shitty he is. Just like I can dismiss John  Auburndale. You know about John? I don't either cause he is a stranger  to me just like Kanye West is.  Not gonna punish myself by not doing  what I enjoy cause a stranger is a shit head.](https://www.reddit.com/r/Kanye/comments/xzbzgs/comment/irm1o0f/?utm_source=share&utm_medium=web2x&context=3)
* [""I can't be racist to Jews"" is the same energy as people saying you can't be racist to white people](https://www.reddit.com/r/Kanye/comments/xzbzgs/comment/irlv4ty/?utm_source=share&utm_medium=web2x&context=3) 
* [Are you saying black people are NOT Jews?](https://www.reddit.com/r/Kanye/comments/xzbzgs/comment/irlgrck/?utm_source=share&utm_medium=web2x&context=3)

And the react posts

[YE! IT'S 12:00 AM!! DON'T RETWEET ELON MUSK!!! YE!!!! DON'T TWEET ABOUT THE JEWS!!!!! YE!!!!!!](https://www.reddit.com/r/Kanye/comments/xzcr7b/ye_its_1200_am_dont_retweet_elon_musk_ye_dont/?utm_source=share&utm_medium=web2x&context=3)

* [Kanye naming them LETS GOOOO!](https://www.reddit.com/r/Kanye/comments/xzcr7b/comment/irlnpeg/?utm_source=share&utm_medium=web2x&context=3)

[He made graduation, he made graduation, he made graduation.......](https://www.reddit.com/r/Kanye/comments/xzddqb/he_made_graduation_he_made_graduation_he_made/)

And of course, the proper call out posts. 

[Kanye‚Äôs post is one thing. All of you  supporting his insane views on Jews is another. That‚Äôs what I‚Äôm so mad  about and what makes this so dangerous. More and more, antisemitism is  becoming accepted.](https://www.reddit.com/r/Kanye/comments/xzdtvj/kanyes_post_is_one_thing_all_of_you_supporting/)

* [Farrakhan is a great man. He exposes Ashkenazi Jewish role in the  degradation of Black people. Ironically, Farrakhan is of Jewish  heritage. Both sides. Afro-Jewish via his mother. Sephardi Jew via his  father. Was given an award by Jewish rabbis who regarding him as a  messianic like figure.](https://www.reddit.com/r/Kanye/comments/xzdtvj/comment/irm5nxu/?utm_source=share&utm_medium=web2x&context=3)
*  [Hitler was great in influence and despite his stupidity lifted his  people out of ruin for a small time. Voted one of the greatest orators  of all time. How is he not considered ‚Äúgreat‚Äù? Great doesn‚Äôt equate to  morally virtuous. Smh](https://www.reddit.com/r/Kanye/comments/xzdtvj/comment/irm8ja3/?utm_source=share&utm_medium=web2x&context=3)
* [It's impossible to debate someone irrational.](https://www.reddit.com/r/Kanye/comments/xzdtvj/comment/irm9bul/?utm_source=share&utm_medium=web2x&context=3)
*  [Maybe it‚Äôs because Ashkenazi Jews tend to exploit Black entertainers and  also participated majorly in the transatlantic slave trade. And also  maybe it‚Äôs because they know of who most of us are yet tell us we are  nothing but wild Africans lol üòÇ](https://www.reddit.com/r/Kanye/comments/xzdtvj/comment/irm6rkx/?utm_source=share&utm_medium=web2x&context=3)
* Ton more in that post

[Fuck this guy](https://www.reddit.com/r/Kanye/comments/xzcikj/fuck_this_guy/)

* [I now sincerely believe that if Kanye posts JUST KILLED MY WHOLE FAMILY   THEM THE LIZRD PPL with a picture of a bloody knife his fans would just  go ""daamn Ye going craaay tnight üíØ üíØ üíØ""](https://www.reddit.com/r/Kanye/comments/xzcikj/comment/irlq2ns/?utm_source=share&utm_medium=web2x&context=3)
*  [Why the fuck do you love Jews so much?  It's as shitty a religion as  any.  If anything ya'll should be mad at him for the dumb Christian  bullshit](https://www.reddit.com/r/Kanye/comments/xzcikj/comment/irm1lq5/?utm_source=share&utm_medium=web2x&context=3)
* [I could honestly defend the White lives matter shit, but this, this is just too far there‚Äôs no defending this.](https://www.reddit.com/r/Kanye/comments/xzcikj/comment/irloswj/?utm_source=share&utm_medium=web2x&context=3)

This was a near dead of night post, expect more to pop up throughout the day.",1665313758.0,bipolar 
2138,Kin Kardashian makes statement regarding Kanye West's recent bipolar episode,2214,hvv941,popheads,https://www.reddit.com/r/popheads/comments/hvv941/kin_kardashian_makes_statement_regarding_kanye/,364,"#*Kim Kardashian-West

hate that I can't edit post titles, my bad

&nbsp;

[Imgur link](https://imgur.com/gallery/IO7ovat), it's three Instagram stories

mods, feel free to remove this if it is not suited for its own post. however, I feel Kim has made a good statement regarding how the media and public should treat both Kanye and his family during this stressful time for them

**edit:** transcription -

>	[1] As many of you know, Kanye has bi-polar disorder. Anyone who has this or has a loved one in their life who does, knows how incredibly complicated and painful it is to understand. I've never spoken publicly about how this has affected us at home because I am very protective of our children and Kanye's right to privacy when it comes to his health. But today, I feel like I should comment on it because of the stigma and misconceptions about mental health.

>	Those that understand mental health or even compulsive behavior know that the family is powerless unless the family member is a minor. People who are unaware or far removed from this experience can be judgmental and not understand that the individual themselves have to engage in the process of getting help no matter how hard family and friends try.

>	[2] I understand Kanye is subject to criticism because he is a public figure and his actions at times can cause strong opinions and emotions. He is a brilliant but complicated person who on top of the pressures of being an artist and a black man, who experienced the painful loss of his mother, and has to deal with the pressure and isolation that is heightened by his bi-polar disorder. Those who are close to Kanye know his heart and understand his words some times do not align with his intentions.

>	Living with bi-polar disorder does not diminish or invalidate his dreams and his creative ideas, no matter how big or unobtainable they may feel to some. That is part of his genius and as we have all witnessed, many of his big dreams have come true.

>	[3] We as a society talk about giving grace to the issue of mental as a whole, however we should also give it to the individuals who are living with it in times when they need it the most. I kindly ask that the media and public give us the compassion and empathy that is needed so that we can get through this. Thank you for those who have expressed concern for Kanye's well being and for your understanding.

>	With Love and Gratitude,

>	Kim Kardashian West",1595429906.0,bipolar 
2375,"My nanny got hospitalized w/ schizophrenia, what do I do w/her employment?",741,1678f9h,Parenting,https://www.reddit.com/r/Parenting/comments/1678f9h/my_nanny_got_hospitalized_w_schizophrenia_what_do/,311,"Long story short, I hired a wonderful nanny in her fifties earlier this year when I had another baby. Since then she has been my saving grace and helped me with taking care of the kids and general housechores. She has jumped at the chance at the extended hours I have offered, even commuting an hour each way to help us. I have noticed that she has struggled with anxiety and other health problems since she started with us. For example she sleeps very poorly at night, never eats, barely drinks or uses the restroom when she is working for us, starts to shed some tears if my toddler cries intensely, and becomes avoidant and anxious when my toddler throws a tantrum. I have brought up my observations with her several times.

Today I was quite shocked when someone in her family called me and told me she was hospitalized with schizofrenia and won‚Äôt be able to work for a while. 
Apparently, she is not doing too well. She is quite spaced out, doesn‚Äôt know where she is and has paranoia (believes she is being followed) etc. They claim this is the first episode but I am not so sure due to some of the signs I am now seeing click in place - and I have reason now to think she might have witheld her diagnosis during the interview.

Am I correct to assume that finding the correct medication to become stable is a very lengthy process and there are no guarantees that she will take them?
I have very young children and I would now be very concerned about leaving them with her without me being present. I am scared she will have another episode and not be able to care for them and them getting hurt. I say this as I have a family member with the same condition and it is very scary when he has an episode. For example, during an episode an aggressive new person emerges with a demon voice and he says ¬´bad things gonna happen if you don‚Äôt get way from me¬ª and then him going into a state where he undresses and cannot hear or communicate with anyone.

I feel now that beingpresent constantly kills the point of having a nanny as I need to be able to go out of the house and go back to work at some point.

What should I do going forward. Should I employ a temp for now and talk to her directly when she is recovered enough? What if I find out she has witheld her diagnosis and not taken her medication? If I let this person go, how should I go about it? My daughter is very bonded with her. Should I let them have a parting meeting?
Should I give her a sizable parting check? 
Sorry for all the questions. I have some many thoughts at the moment and I am hoping for some new viewpoints and advice.

Thank you all in advance!

Edit:

Thank you all so so much for all of your advice. I am truly humbled that so many people have taken their time and given me such good advice and insight.
I have learned a lot from reading all your responses and I feel the way forward is now clear. 

Assuming the diagnosis is correct:
I agree that my nanny is in a very vulnerable position and will need a lot of professional help going forward. She is in no position to take care of vulnerable children, now or in the future. Doing so would be rolling the dice and I am not willing to take any risks with my children.

As many of you pointed out, due to her age, it is unlikely (although not impossible) this is her first mental episode. Whether she is unaware of that or if she has been withholding the information, remains unclear until I speak with her myself. I will keep an open mind that there may be other medical possibilities that has resulted in her hospitalization and schizophrenic symptoms, but I am afraid it might be wishful thinking on my part. 

Going forward, I will start looking for a new nanny as I am in need of an immediate replacement. When my nanny finally does contacts me, I will schedule a meeting in public place with her - plus her and my husband. My husband and I will bring with us some art work from my toddler, a thank you letter and a severance check - and essentially we will see how things play-out during the meeting. 

For all I know she might quit on her own accord as she is normally a very empathetic, non confrontational, sweet and understanding person. However, as someone mentioned here, I do not know how she is when she is out of sorts. 
For example my family member who I mentioned in my post that has the condition is completely different now than he was before he got ill. Now, generally he has very disorganized, irrational thoughts. Sometimes he suffers from memory loss.

Therefore, by meeting her, I can thank her in person for her good service but also see if she is suffering from confusion, memory loss/ blackouts that can possibly result in her showing up unannounced at my door or my toddler‚Äôs kindergarten in the future. 

As far as the legal aspect, thank you for the heads up. I will bear it in mind, although,I do not think it will be a problem due to the way things work in my country.
Again, thank you all so much for your advice and support. I was really positively surprised!
Have a blessed day!",1693577893.0,schizophrenia
2428,Interdimensional Aliens are the root cause of schizophrenia and many other mental illnesses!,429,163baxj,conspiracy,https://www.reddit.com/r/conspiracy/comments/163baxj/interdimensional_aliens_are_the_root_cause_of/,281,"I can't believe this is so limited to find on the internet, while it is absolutely obvious but there is an annoying twist. There are poltergeists without bodies among us in lower dimensions and may come across as dark shadow blobs smelling like smoke that many schizophrenic people see changing over time, **you will hear people talk about it in the comments** and there are aliens or hybrids with a body, operating in higher dimensions. **They are not space aliens** but hybrids or mutants vessels created straight from earth.   
The reptilian aliens originated from Velociraptor DNA running a hybridization program to become humanoid and walk among us to influence society. This also goes for gray aliens which originate from a giant praying mantis which people also see during DMT drug use. 

&#x200B;

[The hybridization program.](https://preview.redd.it/seda1al7irkb1.jpg?width=2217&format=pjpg&auto=webp&s=68ffb2db008b69d30a6ed8719c938b3b79e015d4)

&#x200B;

[These are real abduction drawings from hypnotic regressions done on abductees. Gray aliens are hybrids from praying mantises also called Mantoids, it's a step to walk among us as humans.](https://preview.redd.it/3f6e8w5nhrkb1.jpg?width=1963&format=pjpg&auto=webp&s=1109cfb88910fa93eff34f5229221ad1ae8e4f7f)

In regards to poltergeists, this makes up for there being different type of alien abductions and sightings. Sleep paralysis are done by invisible shadow blobs or figures, out of body abductions are done by an (**astral body**) orb. Physical abductions are done by either a craft or object of light, also related to the (**Body of Light**) which is a state of dematerializing into photon particles. I'll post wiki links in the comments about this. 

Here are few different body type techniques aliens use, almost nobody knows this yet: **This is related to real paranormal sightings we are having.** 

[Shadowfigure body also called an Etheric body.](https://preview.redd.it/7k28qlizfrkb1.jpg?width=1024&format=pjpg&auto=webp&s=9ec6e800521ec81d09b270743045256f3285b790)

&#x200B;

[Small clouded UFO orbs are astral bodies, this is how they abduct people with an out of body experience, it's basically a transparent copy of your body called an astral projection, is why aliens or hybrids can appear as ghost sightings.](https://preview.redd.it/5cd225m7grkb1.jpg?width=381&format=pjpg&auto=webp&s=ab9485114d6988b816418c7c8ae2a7422e615dbb)

&#x200B;

[Bright UFO orbs: This is a Body of light used for physical transport abductions, it's basically dematerializing into biophoton particles into an energyfield to travel in higher realms, planes or what we call Dimensions. ](https://preview.redd.it/nrpeolbfgrkb1.jpg?width=514&format=pjpg&auto=webp&s=21376a33f7363a95d1b4c0ea724d5729e0499458)

Having said this, this is why aliens or hybrids are related to poltergeist activity, they use black magic powers or techniques like magicians and mentalists. They can read your minds, predict movements you make or simply control you in any direction they want through calculations and matrix codes, it's  a form of subliminal hypnosis. 

The only evidence for human hybrids walking among us at the moment are paranormal videos like cryptids, people having mental illnesses, or having alter egos. They are trying to run our lives like it's a game, there are several movies hinting to this.   
Here are a few movies related to real mental health cases and controlled possessions mostly related to **Gangstalking**:

**They Live** (aliens live inside of us)  
**The Truman show** (as the actors running the simulation, causing planned and staged events)  
**The Box** (using humans as a proxy, watching you through the eyes of others)  
**The Game** (playing with us)  
**Eyes Wide Shut** (mind controlling the elites, giving them alter egos or engaging into perverted acts.)

The message of this post and the answer of these movies are, invisible aliens or apparitions are possessing people from an unseen dimension, they also can give people nightmares, hallucinations, alter people's perception or give people alter ego's.   
I'm not interested in promoting my sub **/Alienhybridsabuse** but I collect there all my research and evidence also hoping experiencers will share their testimonies there for researching purposes. I managed to link elites abusing children to alter ego's and possessions. 

[The evidence for Aliens Walking among us are poltergeist apparitions and possession.](https://preview.redd.it/4k2rswacorkb1.jpg?width=800&format=pjpg&auto=webp&s=b658f107c8973aa61c60f73014570ffa721e0603)

Also I managed to get in contact with 2 alien hybrids through my research, they were remote viewing me and guessed my personal info which is what they can do, so this is not a joke. I now figured out through an abductee and Target individual I simply talked with their alter ego's, which is linked to **DID = Dissociative Identity Disorder**. There are beings that attach themselves towards your silvercord, this is why some people have magic abilities, seeing hallucinations and many more stuff. The movie **Split** answers this correctly. ",1693194339.0,schizophrenia
2669,blackpits PTSD,5089,nstwcl,DivinityOriginalSin,https://i.redd.it/kczg9968pf371.png,101,,1622893252.0,PTSD
2760,Paladin Tanking Stigma?,86,1708r48,classicwow,https://www.reddit.com/r/classicwow/comments/1708r48/paladin_tanking_stigma/,358,"I had a weird experience today and wanted to get some opinions in case I missed something. 

My friend has been leveling a pally and was really interested in dungeon tanking on him. We usually play as a trio and he is currently perfect for Deadmines. He‚Äôs level 23, full blacksmithing and bought gear, all spells to this point bought, he has consecration and righteous fury, no reason in my mind he couldnt tank a deadmines run.

We start putting a group together and find a mage. We‚Äôre a trio so we only need a healer now. We find a pally healer, he dips right after joining. Then we find a 22 priest. Perfect! We‚Äôre well over leveled and should have a really safe run. The priest asks who‚Äôs tanking so I name my friend. He drops group immediately. I whispered him and asked why and I got a ‚Äúpally tank no no no go gl‚Äù. This happened with two more healers before we gave up. 

I played a pally tank all the way through classic and remember it being safe and a blast. He‚Äôs our open world tank and I‚Äôve never had agro problems against him. (I‚Äôm a rogue and my other friend is a mage so both single target and aoe). 

I‚Äôm just wanting to get community opinions on this. Should I just tell him to give up and it‚Äôs not viable? Is there something we‚Äôre missing? 

For clarification:

Yes I am aware paladins don‚Äôt have a taunt. This is strictly for dungeon leveling. 

Yes I am aware some dungeons have threat drops. These don‚Äôt. I would understand if this was scholo but it‚Äôs an overleveled dungeon group. 
TIA!",1696480354.0,stigma
2797,What is the stigma when a black girl is dating a white guy?,425,16wzplg,NoStupidQuestions,https://www.reddit.com/r/NoStupidQuestions/comments/16wzplg/what_is_the_stigma_when_a_black_girl_is_dating_a/,424,"Im genuinely curious. I'm a white guy and I'm just hearing about this topic today. Had a talk with a close friend whos a black girl and she had mentioned this topic.I've no prior knowledge with this but im also doing other research on it. Does it differ from the other way around (black guy, white girl)? And what is the best approach to tackling the issue?",1696162840.0,stigma
2819,Is there a stigma in the black community of black women dating white men?,739,15gjbnp,TooAfraidToAsk,https://www.reddit.com/r/TooAfraidToAsk/comments/15gjbnp/is_there_a_stigma_in_the_black_community_of_black/,283,"I just saw a video in which a black woman made a joke about the ‚Äúwhite boy she was entertaining‚Äù and how he wanted to make it serious and she cut him off. I opened the comments (like I do on most videos in general) and was kinda surprised at what I saw. The racism was very prevalent, and someone pointed out that hiding the guy you‚Äôre talking to because he‚Äôs white is racism, and everyone said either you can‚Äôt be racist to white people or (this is a direct quote) ‚Äúno you don‚Äôt get it this is okay because all of her friends would make fun of her‚Äù meaning all her friends would make fun of her being with a white guy. Is this a real thing that happens or was this an isolated incident ?",1691006915.0,stigma
2843,She's ANTONIA. Do you agree with the stigma about black cats?,504,15ro4k4,cats,https://i.redd.it/v869xfohx8ib1.jpg,139,"The stigma attached to cats of this color is due to their supposed relationship with witchcraft and bad luck, since it was believed that if a black cat crosses your path, something bad would happen, so you should wait for the black cat to cross your path. cat will return the same way to be able to cross without problems.",1692093085.0,stigma
2909,No clue where the stigma against black cats comes from,2625,tb5ix4,blackcats,https://i.redd.it/no4kpvxzplm81.jpg,60,,1646937757.0,stigma
2911,Introduce your black dogs and help end the stigma,823,16wzuwt,longboyes,https://i.redd.it/ngyemy074lrb1.jpg,25,,1696163255.0,stigma
2995,"Tell me you have OCD, without telling me you have OCD...",337,wixxs2,OCD,https://www.reddit.com/r/OCD/comments/wixxs2/tell_me_you_have_ocd_without_telling_me_you_have/,509,"I'll start.

I live alone and I throw out atleast 7 big black garbage bags a week. 99% of their contents are tissues and disinfectant wipes.",1659928202.0,OCD
3150,Racism OCD,355,112idfv,OCD,https://www.reddit.com/r/OCD/comments/112idfv/racism_ocd/,74,I really wish Racism OCD was talked about more. This is so fucking hard and  difficult to deal with especially with no access to therapy or people who understand it. I‚Äôm tired of feeling like I‚Äôm a monster and some evil person every single day of my fucking life. I opened up to one of my best friend‚Äôs about it and told them how scary the thoughts are and it did not go well at all. I honestly feel even worse because they made me feel like absolute shit. Literally crying. I wish I would‚Äôve stayed silent.,1676414486.0,OCD
3342,Trauma,1184,w0cixl,UmbrellaAcademy,https://www.reddit.com/r/UmbrellaAcademy/comments/w0cixl/trauma/,211,"Allison talks so much about her trauma losing her daughter, spouse, and her experience as a black woman

No one ever addresses Klaus‚Äô experience in combat and PTSD in Vietnam and his love experience, losing a love to death. No one ever asks him about it or knows about it. And yet he still does not make it known to his siblings. Klaus went through so much and still did not betray his family as Allison did. He tried so hard to help everyone when his whole family thought he was worthless. No one in the family ever addressed his trauma In Vietnam. In the 3rd season The family allowed Allison to grieve and the allowed her to express her pain throughout the civil rights movement, but they never let Klaus explain being on the front lines in combat. No one else helps him through that. No one seems to care. Let‚Äôs never forget that! I personally can never have any respect for Allison ever again. Her loss sucks, don‚Äôt get me wrong, but I just can‚Äôt ever forgive her. She does NOT have it the worse out of everyone.",1657963008.0,trauma
3615,day 12 of attempting anorexia recovery.,1245,1530d1c,depressionmeals,https://i.redd.it/7peersovjqcb1.jpg,120,"sorry for not posting. i kinda relapsed and didn‚Äôt eat for like 3 days. my husband gave me some motivation to make some breakfast this morning. today‚Äôs breakfast is pancakes with toast, eggs, blackberries, baked beans and earl grey tea.",1689691345.0,recovery
