,before_treat,after_treat,difference_treat,before_control,after_control,difference_control
angry,0.0,0.0,0.0,0.0,0.0,0.0
sad,1.0,0.0,1.0,0.0,1.0,-1.0
worried,6.0,7.0,-1.0,8.0,26.0,-18.0
frustrated,4.0,15.0,-11.0,4.0,4.0,0.0
anxious,10.0,9.0,1.0,4.0,7.0,-3.0
nervous,3.0,6.0,-3.0,10.0,21.0,-11.0
disappointed,3.0,8.0,-5.0,3.0,9.0,-6.0
gloomy,2.0,2.0,0.0,1.0,3.0,-2.0
miserable,9.0,8.0,1.0,2.0,10.0,-8.0
longly,0.0,0.0,0.0,0.0,0.0,0.0
happy,0.0,2.0,-2.0,6.0,1.0,5.0
loved,2.0,2.0,0.0,60.0,31.0,29.0
joyful,3.0,4.0,-1.0,7.0,3.0,4.0
content,1.0,0.0,1.0,0.0,2.0,-2.0
pleased,0.0,2.0,-2.0,11.0,7.0,4.0
grateful,4.0,3.0,1.0,11.0,4.0,7.0
relieved,4.0,10.0,-6.0,8.0,14.0,-6.0
optimistic,2.0,5.0,-3.0,8.0,3.0,5.0
satisfied,5.0,8.0,-3.0,12.0,7.0,5.0
excited,0.0,2.0,-2.0,13.0,7.0,6.0
