,treatment_group,control_group
0,MoosieGoose,esearcher
1,JollyK9,Zarrigo
3,Southern_Ad3032,damepipi
4,bduwowy272habbw,-stayHard-
6,Late_Introduction203,BIueBaru
7,kapster68,BIueBaru
8,TheApertureMonkey,FlaviaVerda21
12,talemoon22,BabiNurse90
13,sebagolindenwald,Hopeful_Product_57
14,spicyranchplzz,BIueBaru
16,TheFloorMayBeLava_02,Heronesque
23,rxtten_flesh,New-Scallion252
25,greenblooded395,Gin-and-turtles
26,greenblooded395,Gin-and-turtles
27,DrakenJosh98,androidbear04
28,WhichUsernameIsBest,BIueBaru
30,FStahp2,ultrachangon
31,Pongpianskul,Sew-Fresh
33,Kanashimi515,HelloSillyKitty
34,eviuwu,ChrisBreederveld
36,Kattheloner_22,Busy-Economics-7938
40,Reeze2911,BIueBaru
46,Sac20000,BIueBaru
47,RanpoWasTaken,BIueBaru
48,jlynny1811,Both_Kaleidoscope564
50,Playful-Fail4778,hungrycaterpillarpop
53,GarageOk8109,rumporkchop
54,katandcats,Thrill_Monster
56,holyredemption,InvisibleSaiki
57,jifpeanutbutter420,AutoModerator
58,Timely_Inflation1000,AutoModerator
66,Erica_Peanut,Perkoka
